,x,y,Infection label,Movement Rate,Infection Rate,Mutation,Susceptibility
0,0.1319796745000703,3.414257640079004,0,0.1,0.0,0,1
1,4.138427097789278,4.493485142185795,2,0.08,1.5,2,0
2,1.4868370385980627,5.025261581002582,0,0.1,0.0,0,1
3,5.601056540088147,4.24576158124303,0,0.1,0.0,0,1
4,3.8680618971690666,1.406097758896038,0,0.1,0.0,0,1
5,3.0599312778530097,4.672168105208739,1,0.08,1.5,2,1
6,1.381906807289745,4.782424938699406,0,0.1,0.0,0,1
7,4.588359201335953,3.3143326107111983,0,0.1,0.0,0,1
8,5.836951064186135,4.598847867447291,0,0.1,0.0,0,1
9,5.198007421835953,1.9745310584516749,0,0.1,0.0,0,1
10,0.36839426611317005,2.23063872368341,0,0.1,0.0,0,1
11,0.3057235252902115,5.253415472657486,0,0.1,0.0,0,1
12,3.511100744437869,5.581823125060874,0,0.1,0.0,0,1
13,1.6507601097497784,3.6172368152845236,0,0.1,0.0,0,1
14,4.679536089421917,1.2794656871889645,0,0.1,0.0,0,1
15,5.676806667530436,5.461819493172412,0,0.1,0.0,0,1
16,3.7363667840810573,2.883256927698441,0,0.1,0.0,0,1
17,1.84627067318178,1.788971385235854,0,0.1,0.0,0,1
18,2.9591364702478407,1.1373373806098128,0,0.1,0.0,0,1
19,2.4077916947132776,1.202928727923333,0,0.1,0.0,0,1
20,3.9273438743534586,2.845665744388909,0,0.1,0.0,0,1
21,4.923020366273798,4.700660568359869,0,0.1,0.0,0,1
22,1.8096933403971114,0.7231308009520658,0,0.1,0.0,0,1
23,2.901708657509676,0.017470829366803775,0,0.1,0.0,0,1
24,2.8162361176211483,0.47820590310448186,0,0.1,0.0,0,1
25,2.660758060943892,2.367452035738566,0,0.1,0.0,0,1
26,4.747666444601512,5.055141570143843,1,0.08,1.0,1,1
27,1.6869238811342755,0.3923870312783748,0,0.1,0.0,0,1
28,5.287105910540275,0.6998781244395844,0,0.1,0.0,0,1
29,4.25170287368046,4.943740215266937,1,0.08,1.0,1,1
30,2.5590589308535496,4.253596807592503,0,0.1,0.0,0,1
31,2.6833075808869338,3.6127157982587654,0,0.1,0.0,0,1
32,4.375009387015144,5.294807410691414,1,0.08,1.0,1,1
33,1.9188735550698135,0.6865503724891309,0,0.1,0.0,0,1
34,5.6402236628783715,5.215220103375444,0,0.1,0.0,0,1
35,3.983263666283708,2.130124058201786,0,0.1,0.0,0,1
36,0.17871527151952926,4.689199619065501,0,0.1,0.0,0,1
37,3.5111800808022,3.052170055187109,0,0.1,0.0,0,1
38,5.943976262990468,1.5020734854891056,0,0.1,0.0,0,1
39,5.040258649275825,1.532409767004748,0,0.1,0.0,0,1
40,0.0015611178592254138,0.7921407230825601,0,0.1,0.0,0,1
41,0.965360219749025,5.186178612271943,0,0.1,0.0,0,1
42,4.05933878344229,2.7103099772603327,0,0.1,0.0,0,1
43,0.4478832547792433,2.7552863045978393,0,0.1,0.0,0,1
44,3.3339160340860516,5.095829413058785,0,0.1,0.0,0,1
45,2.9796929100475493,3.556949899374019,1,0.08,1.5,2,1
46,3.05000905425431,5.9448835675419796,0,0.1,0.0,0,1
47,4.836702770928882,0.7746660855985075,0,0.1,0.0,0,1
48,5.30138136482851,5.769302527534134,0,0.1,0.0,0,1
49,3.107808197028561,4.912804243970614,0,0.1,0.0,0,1
50,5.08248618135418,0.7982654132399887,0,0.1,0.0,0,1
51,3.37299507763041,1.2877459652470473,0,0.1,0.0,0,1
52,4.8464789000821575,2.639456618588037,0,0.1,0.0,0,1
53,4.199800151681806,1.1749154836217726,0,0.1,0.0,0,1
54,0.3212277211440948,0.7771112348719824,0,0.1,0.0,0,1
55,4.884598279704944,0.34944023468129815,0,0.1,0.0,0,1
56,3.010356082133879,4.194778486225831,1,0.08,1.5,2,1
57,1.6632495088130466,4.0576636461786215,0,0.1,0.0,0,1
58,4.255585558732041,0.022394185558882285,0,0.1,0.0,0,1
59,0.18329351722643716,3.068670397499858,0,0.1,0.0,0,1
60,2.182280799539984,3.6215812295172896,0,0.1,0.0,0,1
61,5.409388093856184,2.9238661482282153,0,0.1,0.0,0,1
62,2.458221254641975,2.9340871523120304,0,0.1,0.0,0,1
63,1.2482667132457141,0.9521111691642226,0,0.1,0.0,0,1
64,3.3847898637541856,4.763476067862984,1,0.08,1.5,2,1
65,2.299396557883792,4.33818873404853,1,0.08,1.0,1,1
66,0.5507057800756847,5.233683838217448,0,0.1,0.0,0,1
67,0.1572350332702075,4.520153563185646,0,0.1,0.0,0,1
68,2.4809793329185235,0.019222996916907986,0,0.1,0.0,0,1
69,3.1510876025825025,3.899392087984375,1,0.08,1.5,2,1
70,3.4725586294721977,4.517374585966499,1,0.08,1.5,2,1
71,0.047475453318427396,1.4039008292075852,0,0.1,0.0,0,1
72,2.6485362367048495,1.196783151234761,0,0.1,0.0,0,1
73,3.5458265865524448,3.830913477324415,1,0.08,1.5,2,1
74,3.4635980452575343,3.2820135130300896,0,0.1,0.0,0,1
75,4.518749332867904,5.509158466645282,1,0.08,1.0,1,0
76,0.9253884537733492,3.671506604924843,0,0.1,0.0,0,1
77,5.396492977446327,3.2047783330119817,0,0.1,0.0,0,1
78,2.491114595863476,1.3916189156200423,0,0.1,0.0,0,1
79,4.754510542417683,3.264847727003895,0,0.1,0.0,0,1
80,4.552710484583319,3.0272522754594897,0,0.1,0.0,0,1
81,5.178021282287168,2.5861883634316882,0,0.1,0.0,0,1
82,2.3525124040934955,4.340385955520232,0,0.1,0.0,0,1
83,4.529793583560527,4.34614888743784,1,0.08,1.0,1,1
84,2.214974060710081,4.117319156938517,0,0.1,0.0,0,1
85,3.878252482475538,5.772339819749026,1,0.08,1.0,1,1
86,2.783749795613003,3.1272628527242476,0,0.1,0.0,0,1
87,2.866304085094193,3.312489238468748,0,0.1,0.0,0,1
88,1.7036546748701882,3.372971005394973,0,0.1,0.0,0,1
89,4.460058258163752,2.595739502470549,0,0.1,0.0,0,1
90,3.470008738533321,2.547258508751206,0,0.1,0.0,0,1
91,3.9217668327969677,1.3611252072226945,0,0.1,0.0,0,1
92,2.5268125142686104,4.589770104801752,0,0.1,0.0,0,1
93,4.775868712659481,3.4068714195285876,0,0.1,0.0,0,1
94,5.81953457083009,1.7614552087328845,0,0.1,0.0,0,1
95,5.43750775769613,4.520775816480758,0,0.1,0.0,0,1
96,4.846223264294284,0.44879613160167486,0,0.1,0.0,0,1
97,2.6017622340474125,4.814096923680193,0,0.1,0.0,0,1
98,1.7419557886609276,4.993236619352427,0,0.1,0.0,0,1
99,0.3140864741582281,1.0047359299362941,0,0.1,0.0,0,1
100,4.631588075597286,1.6615795073443997,0,0.1,0.0,0,1
101,2.97752629554373,4.940973693896283,0,0.1,0.0,0,1
102,4.080129474942455,4.242958903670809,1,0.08,1.5,2,1
103,1.7560802047713202,4.2955150727291365,0,0.1,0.0,0,1
104,4.8552073613201845,3.5074157984860794,0,0.1,0.0,0,1
105,3.7774025921394143,1.5867548362525392,0,0.1,0.0,0,1
106,3.3995666611845183,0.006836935100160257,0,0.1,0.0,0,1
107,5.298516355494039,0.09157101853747207,0,0.1,0.0,0,1
108,0.6169544132610509,3.629565999124842,0,0.1,0.0,0,1
109,3.3121324539521173,4.625717583427195,1,0.08,1.5,2,1
110,0.8411242786462747,0.4687448883614156,0,0.1,0.0,0,1
111,4.805363238681145,4.9882209931152985,1,0.08,1.0,1,0
112,3.468347441115152,5.694487475381213,0,0.1,0.0,0,1
113,3.9409023032138792,1.734536952342123,0,0.1,0.0,0,1
114,2.369593677809553,1.6039549302246967,0,0.1,0.0,0,1
115,0.6141364024005409,0.23858676688809344,0,0.1,0.0,0,1
116,4.861227481050056,3.4314996756055276,0,0.1,0.0,0,1
117,4.111518653353983,0.5458626478208188,0,0.1,0.0,0,1
118,2.5001166337885055,5.867060162790989,0,0.1,0.0,0,1
119,3.6146516007930374,2.054876403384502,0,0.1,0.0,0,1
120,3.2340188660196034,4.547934082504181,1,0.08,1.5,2,1
121,5.96683438191523,1.9497139555912424,0,0.1,0.0,0,1
122,4.178320485418248,1.611512247197751,0,0.1,0.0,0,1
123,2.1766256438851315,3.906978986004197,0,0.1,0.0,0,1
124,5.697931238812775,2.2830210149882273,0,0.1,0.0,0,1
125,3.9911454089726814,2.0801602577268543,0,0.1,0.0,0,1
126,3.2680060533248665,1.9129069262935992,0,0.1,0.0,0,1
127,5.370508515613928,4.125546720574088,0,0.1,0.0,0,1
128,3.6375809663135508,2.909628260991381,0,0.1,0.0,0,1
129,2.606860108726833,1.2386639064127292,0,0.1,0.0,0,1
130,2.565910415994516,2.0741397789676155,0,0.1,0.0,0,1
131,4.0061117246049776,4.084525214898358,1,0.08,1.0,1,1
132,4.87631672753926,1.920356188608447,1,0.08,1.0,1,0
133,2.691661100423234,3.7009879074193455,0,0.1,0.0,0,1
134,4.399691975371788,5.290890280316848,2,0.08,1.0,1,0
135,2.6670622294198294,3.648940451658424,0,0.1,0.0,0,1
136,1.8880636871995733,0.5597162948966943,0,0.1,0.0,0,1
137,4.297878364352894,4.019289420222342,1,0.08,1.0,1,1
138,5.297444008893032,4.223121325429811,0,0.1,0.0,0,1
139,3.914640543141041,1.3356620973946025,0,0.1,0.0,0,1
140,2.741354549674103,2.303209013284575,0,0.1,0.0,0,1
141,1.272556189627478,2.0504480716623554,0,0.1,0.0,0,1
142,5.66309512622866,2.737416354070399,0,0.1,0.0,0,1
143,5.677286989184793,5.538507466603598,0,0.1,0.0,0,1
144,5.966568896092154,1.2656408643302155,0,0.1,0.0,0,1
145,3.4605945178572974,0.47565825576769805,0,0.1,0.0,0,1
146,4.053418530797722,3.9394397151504634,0,0.1,0.0,0,1
147,5.419020532229133,2.245358456488676,0,0.1,0.0,0,1
148,3.8107886741188075,3.421228344066497,0,0.1,0.0,0,1
149,3.054199793948645,0.5802576071093741,0,0.1,0.0,0,1
150,4.42562331498043,0.6835716431485777,0,0.1,0.0,0,1
151,4.707289833335155,4.014093416310304,1,0.08,1.0,1,1
152,0.350839553014878,5.87708464975392,0,0.1,0.0,0,1
153,1.8511238860278596,5.946789744056196,0,0.1,0.0,0,1
154,1.2980321377204045,3.747050982686942,0,0.1,0.0,0,1
155,1.25428303701546,5.533083970886812,0,0.1,0.0,0,1
156,1.21943625955026,1.6328047944440904,0,0.1,0.0,0,1
157,4.47786301808557,3.2023615020993197,0,0.1,0.0,0,1
158,4.603199045277714,0.8402173973947062,0,0.1,0.0,0,1
159,3.2743305277580133,5.277974294582503,0,0.1,0.0,0,1
160,5.322884360075307,2.126845166351594,0,0.1,0.0,0,1
161,4.790606968666086,1.578372246522208,0,0.1,0.0,0,1
162,2.176215717815851,1.6943700184796628,0,0.1,0.0,0,1
163,3.1390140872251178,5.443933435659838,0,0.1,0.0,0,1
164,3.9763503567818272,4.681770674086822,2,0.08,1.5,2,0
165,3.5246966116803686,0.7838917441368558,0,0.1,0.0,0,1
166,5.889011800835793,5.453453636494305,0,0.1,0.0,0,1
167,2.663235003714804,0.7839322258899835,0,0.1,0.0,0,1
168,1.1439783525492206,1.6427769164557149,0,0.1,0.0,0,1
169,5.059859812452228,4.673193940983183,0,0.1,0.0,0,1
170,2.1300011231726335,4.265938042618954,1,0.08,1.0,1,1
171,5.786752753805824,5.742523580846424,0,0.1,0.0,0,1
172,4.16415327227202,4.7704237930231,1,0.08,1.0,1,1
173,0.00742834139784776,3.7941259042890474,0,0.1,0.0,0,1
174,2.366524700456412,2.566999891502954,0,0.1,0.0,0,1
175,0.2261304125306529,3.6441151972353296,0,0.1,0.0,0,1
176,3.215111342613356,5.707112724179589,0,0.1,0.0,0,1
177,3.3375026038905813,0.8954131040912194,0,0.1,0.0,0,1
178,4.877479818725604,2.4040052918867705,0,0.1,0.0,0,1
179,0.5572865439172852,4.37669742171216,0,0.1,0.0,0,1
180,4.342876281675626,3.615260065856992,0,0.1,0.0,0,1
181,2.8823279224128386,3.934267303178205,1,0.08,1.5,2,1
182,0.7995249653541086,0.37513950419300146,0,0.1,0.0,0,1
183,4.0853537474477,4.974588576831856,1,0.08,1.0,1,1
184,2.8711946339082806,5.235332680552466,0,0.1,0.0,0,1
185,4.309253738413192,4.796480821051863,1,0.08,1.0,1,1
186,2.8288761780350944,0.1423337454494411,0,0.1,0.0,0,1
187,1.015923815556844,4.007702541168342,0,0.1,0.0,0,1
188,4.457863784702158,0.4568245447112278,0,0.1,0.0,0,1
189,1.2830270422468943,5.0772798712057,0,0.1,0.0,0,1
190,0.4462247587918815,4.889789953579771,0,0.1,0.0,0,1
191,2.964028082512891,4.966283312112225,0,0.1,0.0,0,1
192,1.1830173415335368,1.6483209832105687,0,0.1,0.0,0,1
193,2.9108009241683934,0.2619115988691836,0,0.1,0.0,0,1
194,5.176043092965369,0.23309025677048845,0,0.1,0.0,0,1
195,1.3592714077757246,4.563266753881383,0,0.1,0.0,0,1
196,4.410753570269716,2.3065598838403947,0,0.1,0.0,0,1
197,1.964289879744284,1.980967327628506,0,0.1,0.0,0,1
198,1.6599593237013077,3.7440519550124733,0,0.1,0.0,0,1
199,0.48107531783817925,4.071433498733936,0,0.1,0.0,0,1
200,0.2571647983878571,0.9315919875275611,0,0.1,0.0,0,1
201,3.8329574498473815,2.6031585486360918,0,0.1,0.0,0,1
202,1.4963455106361034,4.298678134323681,0,0.1,0.0,0,1
203,4.331949712039505,4.50910481176888,1,0.08,1.0,1,1
204,3.682175167261703,3.8177382885835884,0,0.1,0.0,0,1
205,4.069458658000041,2.413908820651188,0,0.1,0.0,0,1
206,2.390865408662062,0.07414821785271575,0,0.1,0.0,0,1
207,1.8679532817409255,1.8942367988254514,0,0.1,0.0,0,1
208,0.0885773044877074,5.181800713395402,0,0.1,0.0,0,1
209,3.3680261522001316,1.63131479428228,0,0.1,0.0,0,1
210,2.810569603204143,2.3758166666347744,0,0.1,0.0,0,1
211,1.6308378357389495,2.1189529820326243,0,0.1,0.0,0,1
212,4.487807068401567,1.8403433262630844,0,0.1,0.0,0,1
213,0.2640904075976651,1.6965016946735971,0,0.1,0.0,0,1
214,2.4353801266905464,5.025410660263219,0,0.1,0.0,0,1
215,3.6232733713556464,3.854747939530821,1,0.08,1.5,2,1
216,3.472409095840197,2.4865837401965196,0,0.1,0.0,0,1
217,1.7970941268534408,3.4739093146284787,0,0.1,0.0,0,1
218,2.835706074144369,2.309140151902544,0,0.1,0.0,0,1
219,1.8649582751553484,0.8929394941727951,0,0.1,0.0,0,1
220,0.7603650629099372,0.17041368951483293,0,0.1,0.0,0,1
221,3.153634357783744,3.2979174087278134,0,0.1,0.0,0,1
222,2.744999029893104,5.054811263085519,0,0.1,0.0,0,1
223,2.42245784351305,0.5956549867203167,0,0.1,0.0,0,1
224,1.4441331910782054,3.8057229130981693,0,0.1,0.0,0,1
225,2.647272156682493,4.165658886709148,1,0.08,1.0,1,1
226,4.451536903096373,5.470824374992846,1,0.08,1.0,1,1
227,3.7029743762635263,5.839869525320989,0,0.1,0.0,0,1
228,0.2972547476175287,1.5789945302442703,0,0.1,0.0,0,1
229,4.395861051785177,4.588720570178024,1,0.08,1.0,1,1
230,1.045209583972212,2.4013043811246053,0,0.1,0.0,0,1
231,1.455959247074336,2.1735158705621593,0,0.1,0.0,0,1
232,2.2082484898068984,5.418893660339341,0,0.1,0.0,0,1
233,2.7959101512108315,5.207940110844609,0,0.1,0.0,0,1
234,0.11791712197136572,5.320350479045308,0,0.1,0.0,0,1
235,1.2944257697734172,5.177791945326469,0,0.1,0.0,0,1
236,0.5982021901531389,0.8980458919963308,0,0.1,0.0,0,1
237,0.8569443261837371,3.1424681957061003,0,0.1,0.0,0,1
238,3.9035212289001073,4.349902774080695,1,0.08,1.5,2,1
239,4.9574445058336,3.0310716862049816,0,0.1,0.0,0,1
240,1.228855711868521,0.8920215817226653,0,0.1,0.0,0,1
241,3.592706193753248,4.0868014802683845,1,0.08,1.5,2,1
242,5.348015703730132,4.263343871547836,0,0.1,0.0,0,1
243,3.5732558294556522,1.6875796683616318,0,0.1,0.0,0,1
244,2.4896265375116142,0.8786812128237798,0,0.1,0.0,0,1
245,3.6433371942392965,4.139104550878285,2,0.08,1.5,2,0
246,5.4394168242806895,3.553176745716215,0,0.1,0.0,0,1
247,0.026565240809974133,2.8338773506748263,0,0.1,0.0,0,1
248,2.2960818172028956,2.256471178892288,0,0.1,0.0,0,1
249,5.318570487567319,3.1627144032410652,0,0.1,0.0,0,1
250,1.5323600945378824,3.5343977490083702,0,0.1,0.0,0,1
251,3.6529793540028,2.0730220902930565,0,0.1,0.0,0,1
252,1.2393671425996382,3.786821613211086,0,0.1,0.0,0,1
253,2.873733020000693,0.3180061654021771,0,0.1,0.0,0,1
254,2.6960932118243406,5.238433093529014,0,0.1,0.0,0,1
255,0.5199188634196203,4.811707122202006,0,0.1,0.0,0,1
256,0.15209447748810878,1.1196143029034729,0,0.1,0.0,0,1
257,0.8329687580416365,5.307744862057405,0,0.1,0.0,0,1
258,1.0973883106757711,5.799153411635538,0,0.1,0.0,0,1
259,3.7683901129379316,5.388583395236561,1,0.08,1.0,1,1
260,1.6378759210711094,4.596568399797119,0,0.1,0.0,0,1
261,0.381180196627698,3.6783357967888763,0,0.1,0.0,0,1
262,0.3277321334961052,2.8241607928292787,0,0.1,0.0,0,1
263,2.522168366692546,5.266155262162234,0,0.1,0.0,0,1
264,4.32892167894383,0.8630506520720302,0,0.1,0.0,0,1
265,0.45047738381693336,0.4617079758739657,0,0.1,0.0,0,1
266,0.9138773446591686,3.809269036407674,0,0.1,0.0,0,1
267,0.4654593388653827,2.0189121501062255,0,0.1,0.0,0,1
268,1.7590622111776528,5.713369469901719,0,0.1,0.0,0,1
269,1.6871169767093224,4.092345832543494,0,0.1,0.0,0,1
270,4.149529964917522,2.922384360459774,0,0.1,0.0,0,1
271,4.440130505762751,1.5531966224149012,0,0.1,0.0,0,1
272,3.178454086969208,5.1269141027856895,0,0.1,0.0,0,1
273,0.11531792389896234,2.903682082520219,0,0.1,0.0,0,1
274,4.526246960708746,5.088041143608804,1,0.08,1.0,1,1
275,4.867983459455267,5.9364978340183585,0,0.1,0.0,0,1
276,4.1451278887728105,4.536118731099457,1,0.08,1.5,2,1
277,1.5811602663731663,1.1396468307647578,0,0.1,0.0,0,1
278,1.951697317440132,1.9776898763310429,0,0.1,0.0,0,1
279,2.759337433785159,4.161805254248465,1,0.08,1.5,2,1
280,5.739036235679364,2.6889134685454072,0,0.1,0.0,0,1
281,0.8632361340262027,0.17399650018465396,0,0.1,0.0,0,1
282,4.940880418818136,3.368559316672714,0,0.1,0.0,0,1
283,3.6437017919932986,1.3169496627557586,0,0.1,0.0,0,1
284,0.02572700023896979,3.640869940877658,0,0.1,0.0,0,1
285,2.5057417180623496,2.6107935255553185,0,0.1,0.0,0,1
286,5.467706355543025,3.838464631381756,0,0.1,0.0,0,1
287,0.5558031045421901,0.7354744057367035,0,0.1,0.0,0,1
288,3.0943677537820085,2.441849595255709,0,0.1,0.0,0,1
289,0.19340583842057302,5.641310006577807,0,0.1,0.0,0,1
290,5.854907272961286,4.276879928980035,0,0.1,0.0,0,1
291,3.774450795308346,5.899768459071585,0,0.1,0.0,0,1
292,3.400944863340417,2.9561666297071776,0,0.1,0.0,0,1
293,4.01141654756754,5.538541592039799,1,0.08,1.0,1,1
294,2.9896462289291246,2.5247933937604694,0,0.1,0.0,0,1
295,2.0274200751435023,3.7818331212190865,0,0.1,0.0,0,1
296,4.250662300241499,3.959306536519873,0,0.1,0.0,0,1
297,2.8203326035431395,4.834752480937871,0,0.1,0.0,0,1
298,1.3066095053614453,1.9301222463996404,0,0.1,0.0,0,1
299,4.5662830384498205,5.377347960351175,1,0.08,1.0,1,1
300,1.758261107639496,3.9332051862937814,0,0.1,0.0,0,1
301,5.375961656918214,4.995376404903459,0,0.1,0.0,0,1
302,2.781139097353009,2.6530591871352023,0,0.1,0.0,0,1
303,5.356575072086533,5.637411457789687,0,0.1,0.0,0,1
304,2.554010846085216,0.42760183327609913,0,0.1,0.0,0,1
305,2.285557107887429,1.9420785032545735,0,0.1,0.0,0,1
306,1.3627512523393883,0.6805200766466808,0,0.1,0.0,0,1
307,0.36001651003682733,2.7183459441253506,0,0.1,0.0,0,1
308,5.884485732878064,5.507385442969602,0,0.1,0.0,0,1
309,2.7276786761530225,1.4266599384998262,1,0.08,1.0,1,0
310,5.600145043600258,0.2535932914476997,0,0.1,0.0,0,1
311,5.953885089230575,0.45251756336300675,0,0.1,0.0,0,1
312,1.703499562887181,5.565753208315288,0,0.1,0.0,0,1
313,5.85467465280598,2.5072396676461395,0,0.1,0.0,0,1
314,3.2663939712425494,4.140011802192026,1,0.08,1.5,2,1
315,5.855832900281229,2.515452672960323,0,0.1,0.0,0,1
316,4.132068787615327,5.718140540579352,1,0.08,1.0,1,1
317,4.099009033632666,4.9749939548963065,2,0.08,1.0,1,0
318,1.3502681131148522,2.867973926601218,0,0.1,0.0,0,1
319,1.9779244356187584,4.905047974883109,0,0.1,0.0,0,1
320,3.083143502152472,4.670180296373024,1,0.08,1.5,2,1
321,3.1290368737065544,2.6408757776586436,0,0.1,0.0,0,1
322,1.5287487732371852,1.3290542433655814,0,0.1,0.0,0,1
323,4.0997221070854994,3.126343951189691,0,0.1,0.0,0,1
324,1.1938115673296612,2.0190728085725773,0,0.1,0.0,0,1
325,4.675767659277178,5.129323963274956,1,0.08,1.0,1,1
326,4.201839980116694,4.736872201171087,1,0.08,1.0,1,1
327,1.0399041393129984,0.3023701928808691,0,0.1,0.0,0,1
328,0.7748660021190101,0.6454737131090909,0,0.1,0.0,0,1
329,2.517782524476665,5.727016965515926,0,0.1,0.0,0,1
330,5.002030368987173,1.9984125202189873,0,0.1,0.0,0,1
331,5.408177932539802,5.406134162333851,0,0.1,0.0,0,1
332,5.802012458107058,5.424631612443186,0,0.1,0.0,0,1
333,2.2897704339675706,3.458625907903323,0,0.1,0.0,0,1
334,0.5117532883630218,2.6456773559994677,0,0.1,0.0,0,1
335,1.691094764643801,5.160956330868718,0,0.1,0.0,0,1
336,0.14580035651439904,0.9320192504693361,0,0.1,0.0,0,1
337,4.845673273989064,0.15074165637869918,0,0.1,0.0,0,1
338,0.06844737358722686,4.512383774192614,0,0.1,0.0,0,1
339,2.851348552399141,5.88382461968016,0,0.1,0.0,0,1
340,1.5316853735781901,4.450494557874995,0,0.1,0.0,0,1
341,1.5228397600013555,2.7179733662009236,0,0.1,0.0,0,1
342,0.16505378094604706,5.3511039134533815,0,0.1,0.0,0,1
343,1.0459955613438627,1.0651925038208985,0,0.1,0.0,0,1
344,3.3953001056469296,2.449984653102842,0,0.1,0.0,0,1
345,2.572682431412683,2.6510955804477288,0,0.1,0.0,0,1
346,0.10478434775837564,3.8932354234260655,0,0.1,0.0,0,1
347,3.4624580976903827,5.79347744824197,0,0.1,0.0,0,1
348,2.6095446673498186,2.721048738416336,0,0.1,0.0,0,1
349,1.3001386798318388,5.697656681106842,0,0.1,0.0,0,1
350,1.5094497940555631,3.8805926579633323,0,0.1,0.0,0,1
351,3.8901948288691237,1.3635469474446662,0,0.1,0.0,0,1
352,2.9770058362149845,3.3321851362431536,0,0.1,0.0,0,1
353,4.935388744104305,3.9494507869084305,0,0.1,0.0,0,1
354,1.9062002932988231,4.022706108368364,0,0.1,0.0,0,1
355,0.1948893782091896,2.9421504048310663,0,0.1,0.0,0,1
356,0.8619637093217991,4.010851347455915,0,0.1,0.0,0,1
357,1.6517800691658029,2.121031290122601,0,0.1,0.0,0,1
358,4.885503295635134,1.9142716911216309,0,0.1,0.0,0,1
359,2.520784998407793,5.173455799924608,0,0.1,0.0,0,1
360,1.6830847653542662,5.704255521521962,0,0.1,0.0,0,1
361,2.526355848167462,2.9946532140474504,0,0.1,0.0,0,1
362,3.3826245379860755,1.074469403315261,0,0.1,0.0,0,1
363,5.799812613250292,4.071819404833817,0,0.1,0.0,0,1
364,5.820942092210449,1.9272253302761988,0,0.1,0.0,0,1
365,1.4837988949457477,3.77843598090098,0,0.1,0.0,0,1
366,4.218577308900885,0.5242653092238032,0,0.1,0.0,0,1
367,2.4329387524083463,3.6964280774497738,1,0.08,1.0,1,1
368,1.1244514542246538,3.8106584257556535,0,0.1,0.0,0,1
369,1.983550791394433,1.8978973889645656,0,0.1,0.0,0,1
370,0.5200807096097801,1.87119804070116,0,0.1,0.0,0,1
371,5.731076597804539,1.2325420165209726,0,0.1,0.0,0,1
372,0.7491417251553809,2.4919124212341277,0,0.1,0.0,0,1
373,4.668754949736604,1.6854247808287026,0,0.1,0.0,0,1
374,1.9656449743666755,3.952042369734473,0,0.1,0.0,0,1
375,4.602870898462561,3.734055292296264,0,0.1,0.0,0,1
376,4.954277981474579,5.001240252531316,1,0.08,1.0,1,1
377,5.129080554669567,1.7012902838130655,0,0.1,0.0,0,1
378,0.43895526798818096,1.836212852436518,0,0.1,0.0,0,1
379,5.818858040389938,1.5803862073478914,0,0.1,0.0,0,1
380,4.569751073517251,4.310651540636678,1,0.08,1.0,1,1
381,1.549854983294328,2.4161742216709023,0,0.1,0.0,0,1
382,5.175341145575021,1.8571621716579079,0,0.1,0.0,0,1
383,5.908215488953749,1.0825228851987734,0,0.1,0.0,0,1
384,0.7093958732246244,4.807148547383197,0,0.1,0.0,0,1
385,4.930432039056845,5.593894030115585,1,0.08,1.0,1,1
386,5.845302076905494,5.238432083932947,0,0.1,0.0,0,1
387,0.7213378127998051,5.156601855227128,0,0.1,0.0,0,1
388,2.216675572012183,3.65085033576884,0,0.1,0.0,0,1
389,4.938164487522561,1.4615541189472792,0,0.1,0.0,0,1
390,4.558758690841668,3.069983623250967,0,0.1,0.0,0,1
391,3.9194781598787958,0.11403879793796912,0,0.1,0.0,0,1
392,5.797205880589691,5.3971928568856065,0,0.1,0.0,0,1
393,5.818259984770558,0.40786437914175133,0,0.1,0.0,0,1
394,5.171631760917668,4.16852575103869,0,0.1,0.0,0,1
395,5.021677344120711,3.004324482750113,0,0.1,0.0,0,1
396,3.7345879302202176,4.442310824554361,1,0.08,1.5,2,1
397,1.6022139303233842,1.8245584097521153,0,0.1,0.0,0,1
398,4.703775263687588,3.288286761829787,0,0.1,0.0,0,1
399,5.03244508173116,5.2511042879988015,1,0.08,1.0,1,1
400,4.968313311602165,2.896550108661539,0,0.1,0.0,0,1
401,2.439545747722843,1.5212214908748427,0,0.1,0.0,0,1
402,0.7642500329650708,3.784444134636164,0,0.1,0.0,0,1
403,4.298644949845729,4.18444216681626,0,0.1,0.0,0,1
404,2.0759138684479392,0.05121521790551076,0,0.1,0.0,0,1
405,2.783553929612584,3.466573551943057,0,0.1,0.0,0,1
406,1.6964301195110236,0.6636620448147388,0,0.1,0.0,0,1
407,4.231409845059247,3.4074268159863146,0,0.1,0.0,0,1
408,0.6858934344608034,0.4129815524870406,1,0.08,1.0,1,0
409,2.2078797351976753,1.0147731409912084,0,0.1,0.0,0,1
410,1.442404048570444,5.8939499067120655,0,0.1,0.0,0,1
411,4.639324687921096,5.695098206285163,1,0.08,1.0,1,1
412,0.234451157915472,3.721833442572952,0,0.1,0.0,0,1
413,1.1110917227315096,0.07299836916254154,0,0.1,0.0,0,1
414,4.637344087632323,5.267919944514233,1,0.08,1.0,1,1
415,2.9337822364767128,2.7561364107011284,0,0.1,0.0,0,1
416,3.3203575693982432,0.3600393171006968,0,0.1,0.0,0,1
417,4.287898169679637,4.22521096736473,1,0.08,1.0,1,1
418,4.815469425890346,0.7241866910347756,0,0.1,0.0,0,1
419,4.745951175306634,2.548325741339225,0,0.1,0.0,0,1
420,4.966583797461171,1.1463810420470042,0,0.1,0.0,0,1
421,5.257733812147187,2.8057948018528878,0,0.1,0.0,0,1
422,3.3462662616952006,2.9895206541641564,0,0.1,0.0,0,1
423,4.197888847945015,4.730343617697886,1,0.08,1.0,1,1
424,4.88850479473875,3.039449789042159,0,0.1,0.0,0,1
425,0.671007692020851,3.26129512388553,0,0.1,0.0,0,1
426,4.588714961537171,2.3628127558774157,0,0.1,0.0,0,1
427,2.237677693548248,4.950138111005236,0,0.1,0.0,0,1
428,0.5446861841250465,4.953666130924219,0,0.1,0.0,0,1
429,1.033054928461027,1.7879918078069457,0,0.1,0.0,0,1
430,3.1941664069405524,4.228514756923002,1,0.08,1.0,1,0
431,3.7829498019469137,2.4940459821065657,0,0.1,0.0,0,1
432,4.024142072100198,5.38053772375838,1,0.08,1.0,1,1
433,4.1166746987719876,5.0394604260192155,1,0.08,1.0,1,1
434,3.20347563193722,1.2876146906652763,0,0.1,0.0,0,1
435,3.0965690236446077,3.8431301434141822,1,0.08,1.5,2,1
436,3.8041051415950977,3.2255233673357697,0,0.1,0.0,0,1
437,2.327938835931275,5.193770321908855,0,0.1,0.0,0,1
438,5.465939251051892,5.295186414316727,0,0.1,0.0,0,1
439,5.776738681817803,3.431526939205819,0,0.1,0.0,0,1
440,4.406870581148187,1.1236290320229938,0,0.1,0.0,0,1
441,2.023499511862119,4.4499314747047745,0,0.1,0.0,0,1
442,3.907914189573848,3.9199758052114153,0,0.1,0.0,0,1
443,4.827431656496989,0.46182236343034466,0,0.1,0.0,0,1
444,1.805727397505298,5.192665933521675,0,0.1,0.0,0,1
445,4.499997881593104,4.751742585729014,1,0.08,1.0,1,1
446,1.1355581384267643,1.9907736575953803,0,0.1,0.0,0,1
447,2.780631954431459,4.854735895981681,0,0.1,0.0,0,1
448,2.6107286811079424,0.5382848213064466,0,0.1,0.0,0,1
449,5.202043647089836,5.4143263270315085,1,0.08,1.0,1,0
450,0.5513376946172628,5.0423177034419755,0,0.1,0.0,0,1
451,5.8387676978982626,0.7278896972406768,0,0.1,0.0,0,1
452,5.988444410293826,5.27694435985405,0,0.1,0.0,0,1
453,3.9296779387098075,3.99637575264875,1,0.08,1.5,2,1
454,0.707785909050618,1.7033536331657821,0,0.1,0.0,0,1
455,1.2300351180336109,1.829898451759681,0,0.1,0.0,0,1
456,4.8662238326405145,5.561598054999578,1,0.08,1.0,1,1
457,2.261099931211819,5.457323088571014,0,0.1,0.0,0,1
458,3.910707182915019,3.0879229810326674,0,0.1,0.0,0,1
459,3.099213928356546,5.527936504629622,0,0.1,0.0,0,1
460,4.720967847316775,4.416100577602967,1,0.08,1.0,1,1
461,1.1047049996812706,4.159827407448085,0,0.1,0.0,0,1
462,0.6602142172789021,1.4902582184821695,0,0.1,0.0,0,1
463,5.062415965219174,3.5821173060019706,0,0.1,0.0,0,1
464,1.6572807190114895,2.7766180068940858,0,0.1,0.0,0,1
465,0.6967844232700686,5.0872928104777655,0,0.1,0.0,0,1
466,2.227270030063395,5.7215992228114025,0,0.1,0.0,0,1
467,4.949093848783053,3.3497524107422616,0,0.1,0.0,0,1
468,5.810327119130653,5.8949516018112815,0,0.1,0.0,0,1
469,3.7170650707057025,1.832421973916569,0,0.1,0.0,0,1
470,3.4892262534793694,1.2213173176440388,0,0.1,0.0,0,1
471,2.481371389880069,4.678347296861789,0,0.1,0.0,0,1
472,5.013164162600579,5.146511855363642,1,0.08,1.0,1,1
473,3.8859426061207403,2.069829794616969,1,0.08,1.0,1,0
474,2.8912173491740494,0.08939764067378242,0,0.1,0.0,0,1
475,1.5674229065916587,3.9022610044698176,0,0.1,0.0,0,1
476,4.334319610250031,2.817578721918149,0,0.1,0.0,0,1
477,4.0647209895024305,2.247368844599488,0,0.1,0.0,0,1
478,5.190024347897334,0.903671166753578,0,0.1,0.0,0,1
479,2.517390757813428,1.3395457589333928,0,0.1,0.0,0,1
480,3.0311187958983443,3.5878895567223,0,0.1,0.0,0,1
481,0.41235277615555965,3.7141011557053325,0,0.1,0.0,0,1
482,2.313562519374135,0.8758641779758438,0,0.1,0.0,0,1
483,1.6724816162947043,4.543946531262545,0,0.1,0.0,0,1
484,2.0806743441336977,5.345504665933568,0,0.1,0.0,0,1
485,0.08120039534370416,4.9353682175741405,0,0.1,0.0,0,1
486,3.077448856699686,1.4016304767452437,0,0.1,0.0,0,1
487,1.4435041491255007,4.492820101416718,0,0.1,0.0,0,1
488,3.98209875327336,0.44565809260530376,0,0.1,0.0,0,1
489,2.2240929250553725,2.2789146546918557,0,0.1,0.0,0,1
490,3.454293307146961,1.9564776475119505,0,0.1,0.0,0,1
491,3.6772264519881954,5.819792707115971,0,0.1,0.0,0,1
492,0.7908722981559868,5.232850958581663,0,0.1,0.0,0,1
493,2.2340772175143533,1.2414806272585874,0,0.1,0.0,0,1
494,3.2518638522940004,1.388547396599532,0,0.1,0.0,0,1
495,5.145792483218326,2.8043512945655884,0,0.1,0.0,0,1
496,0.765710899180194,5.56853782314468,0,0.1,0.0,0,1
497,3.331374778742611,0.18333294088620522,0,0.1,0.0,0,1
498,2.7016071899761904,3.4920882601829932,0,0.1,0.0,0,1
499,1.8913182977306249,4.700716286873084,0,0.1,0.0,0,1
500,0.42520761095800164,1.3440480945400417,0,0.1,0.0,0,1
501,3.3321482326167033,4.893459753354538,1,0.08,1.5,2,1
502,5.889746743969201,3.090606887878926,0,0.1,0.0,0,1
503,2.0105272677971797,5.308830412921252,0,0.1,0.0,0,1
504,5.878620893938881,4.7439083057313445,0,0.1,0.0,0,1
505,2.4548720534909925,2.2530594023797983,0,0.1,0.0,0,1
506,2.5739150896247383,4.232714408220058,1,0.08,1.0,1,1
507,3.5570412458382004,2.2968617474298587,0,0.1,0.0,0,1
508,4.226625662181377,3.5241236034321433,0,0.1,0.0,0,1
509,3.0256333681578833,0.36344915496096086,0,0.1,0.0,0,1
510,4.56480081209075,4.071705673604821,0,0.1,0.0,0,1
511,3.8503010176907457,4.200824137746818,1,0.08,1.5,2,1
512,0.02589332328156302,1.90790928205874,0,0.1,0.0,0,1
513,2.059346714403513,3.6195683252605644,0,0.1,0.0,0,1
514,1.264271261019863,0.8130302476878541,0,0.1,0.0,0,1
515,0.03102410462978411,1.3368100833604666,0,0.1,0.0,0,1
516,4.7112069408564725,2.696276318418282,0,0.1,0.0,0,1
517,1.2405336804384755,4.023613300174642,0,0.1,0.0,0,1
518,2.2984645250148397,0.198870886809549,0,0.1,0.0,0,1
519,0.3033239050836538,2.724348833619212,0,0.1,0.0,0,1
520,5.2887013307903,0.1442638672826546,0,0.1,0.0,0,1
521,3.7138249092359232,4.096611049835781,1,0.08,1.5,2,1
522,4.851287877668604,4.1220692494601545,0,0.1,0.0,0,1
523,3.163599040588827,5.66617468753506,0,0.1,0.0,0,1
524,1.4037562843223275,1.5208522423920114,0,0.1,0.0,0,1
525,3.1856366787309405,0.0025675370845625878,0,0.1,0.0,0,1
526,5.475603478766217,4.077233470244356,0,0.1,0.0,0,1
527,1.1438949345766698,3.658458823565933,0,0.1,0.0,0,1
528,2.318724435179483,5.361717680592375,0,0.1,0.0,0,1
529,4.871746720306478,4.330102530482582,0,0.1,0.0,0,1
530,1.9499377869709793,2.4407396168470656,0,0.1,0.0,0,1
531,2.0538009652332403,5.8942173744417605,0,0.1,0.0,0,1
532,0.24657532590234976,1.411990970130335,0,0.1,0.0,0,1
533,5.476479838955847,1.879687194433964,0,0.1,0.0,0,1
534,4.853903160204952,5.393784779486892,1,0.08,1.0,1,1
535,5.913919126547222,1.3941229945356592,0,0.1,0.0,0,1
536,1.4457791403948308,2.1361532404447505,0,0.1,0.0,0,1
537,2.200441074929479,0.3756637932661502,0,0.1,0.0,0,1
538,4.423588439091855,0.40172075870116775,0,0.1,0.0,0,1
539,1.2823790676234925,1.651087394017345,0,0.1,0.0,0,1
540,3.152515025928703,2.33160551144936,0,0.1,0.0,0,1
541,5.188558929375466,2.9612556127154637,0,0.1,0.0,0,1
542,5.496056333544477,3.1566775903500552,0,0.1,0.0,0,1
543,4.662042359364474,2.8645172864344657,0,0.1,0.0,0,1
544,3.2478694753999227,0.9221553161152234,0,0.1,0.0,0,1
545,0.7007330350453567,5.7529558603804105,0,0.1,0.0,0,1
546,3.2793911316272024,4.8162050009952075,2,0.08,1.5,2,0
547,5.2706216395292875,1.497515087614981,0,0.1,0.0,0,1
548,4.372201679412395,5.905791171080865,0,0.1,0.0,0,1
549,1.2315527614242858,5.460510889473621,0,0.1,0.0,0,1
550,1.6225679699825648,0.58050525514567,0,0.1,0.0,0,1
551,2.453829351648924,0.7793954666648002,0,0.1,0.0,0,1
552,4.70350868187507,0.971607790534208,0,0.1,0.0,0,1
553,1.9634607339056975,5.157154509399121,0,0.1,0.0,0,1
554,0.031366604198233894,5.98152585689709,0,0.1,0.0,0,1
555,4.809769486280804,5.013482280375145,1,0.08,1.0,1,1
556,3.6645186353272874,1.7062407907452095,0,0.1,0.0,0,1
557,0.33919777027200104,4.433001865208376,0,0.1,0.0,0,1
558,5.204275454467988,2.5806737285194608,0,0.1,0.0,0,1
559,0.8381994797208625,3.055501785364064,0,0.1,0.0,0,1
560,0.8885908773715787,3.4763628245611873,0,0.1,0.0,0,1
561,4.246089336759292,0.2985623963596822,0,0.1,0.0,0,1
562,4.142439830681425,2.300577922420035,0,0.1,0.0,0,1
563,5.340350423281555,3.590874492276753,0,0.1,0.0,0,1
564,5.688307442816093,1.6216287864084895,0,0.1,0.0,0,1
565,4.195237745928381,5.6683736170383705,1,0.08,1.0,1,1
566,4.119569126358194,2.8973867842536807,0,0.1,0.0,0,1
567,1.9640430010041923,4.218938612594515,0,0.1,0.0,0,1
568,2.3982094331201087,5.47169882597517,0,0.1,0.0,0,1
569,4.236186727472378,2.3906537459666057,0,0.1,0.0,0,1
570,5.832880275725036,5.0301534886718295,0,0.1,0.0,0,1
571,1.7733457860080821,3.2815884269882267,0,0.1,0.0,0,1
572,2.20330930184144,2.7672237800826234,0,0.1,0.0,0,1
573,4.215471085551052,4.693159884436072,1,0.08,1.0,1,1
574,2.6108739370838014,3.640289795854847,0,0.1,0.0,0,1
575,0.15068011813474325,1.5929132918672466,0,0.1,0.0,0,1
576,2.897877791378776,0.17814349704625854,0,0.1,0.0,0,1
577,1.1843350059246085,0.5867384473936195,0,0.1,0.0,0,1
578,2.0863989835979595,4.705463756402034,0,0.1,0.0,0,1
579,4.584352963145685,4.33048407080903,1,0.08,1.0,1,1
580,3.4282303967234737,1.1240938170384553,0,0.1,0.0,0,1
581,4.087917098266765,5.389927952705637,0,0.1,0.0,0,1
582,0.06569731532689893,4.659573756254966,0,0.1,0.0,0,1
583,1.7566942006785826,2.576798071500055,0,0.1,0.0,0,1
584,0.3583287490003708,2.6267801325495714,0,0.1,0.0,0,1
585,4.85292795663659,1.1475882977344263,0,0.1,0.0,0,1
586,0.11610429329029981,1.2211853534796189,1,0.08,1.0,1,0
587,0.18307210227028214,0.19200338575256248,0,0.1,0.0,0,1
588,0.4538175006401297,3.899716712444948,0,0.1,0.0,0,1
589,0.34288311915665637,2.276604669491564,0,0.1,0.0,0,1
590,4.278336959486936,3.1689902825763157,0,0.1,0.0,0,1
591,5.822530201852062,0.6287289229505932,0,0.1,0.0,0,1
592,2.4502770836194783,0.7573272137968998,0,0.1,0.0,0,1
593,2.120208911447377,4.426463799155112,1,0.08,1.0,1,1
594,0.7293377114769555,0.680135708700337,0,0.1,0.0,0,1
595,4.081765230004548,4.2787947832167035,1,0.08,1.5,2,1
596,3.4867775000348313,0.682400779446628,0,0.1,0.0,0,1
597,5.037177018871843,4.890083983768687,1,0.08,1.0,1,1
598,0.22671428095407498,5.380049733860534,0,0.1,0.0,0,1
599,0.8639387328224175,0.6183353111420968,0,0.1,0.0,0,1
600,4.525742027508519,5.01812268315488,2,0.08,1.0,1,0
601,0.9641429904086753,1.0316292587174578,0,0.1,0.0,0,1
602,0.45958811725170867,0.004847279679768723,0,0.1,0.0,0,1
603,1.9978619201428303,1.4207754330773932,0,0.1,0.0,0,1
604,2.69995638787635,2.2696379095010535,0,0.1,0.0,0,1
605,1.0351540500896466,5.178936466748229,0,0.1,0.0,0,1
606,1.6192091471271453,2.10541282845936,0,0.1,0.0,0,1
607,2.660911688990497,0.7235135487563658,0,0.1,0.0,0,1
608,2.140153481943516,5.38238557299498,0,0.1,0.0,0,1
609,5.224500716332981,3.1899370161493366,0,0.1,0.0,0,1
610,5.441206071052475,2.7159857803752856,0,0.1,0.0,0,1
611,5.75057238159669,2.6558629946358443,0,0.1,0.0,0,1
612,4.770715536945964,4.767660586341607,1,0.08,1.0,1,1
613,3.604062787818218,5.974609909568517,0,0.1,0.0,0,1
614,1.991276883682202,4.325337500531211,0,0.1,0.0,0,1
615,5.2432331338303175,4.395532241118275,0,0.1,0.0,0,1
616,4.775865055368478,5.268457637074124,1,0.08,1.0,1,1
617,4.559869834586957,0.9954925522290197,0,0.1,0.0,0,1
618,1.033744183403456,2.3851600518412486,0,0.1,0.0,0,1
619,5.929018600961273,5.467489147373632,0,0.1,0.0,0,1
620,1.8770364752389337,3.0388955564310365,0,0.1,0.0,0,1
621,5.354744643037971,1.839620623857828,0,0.1,0.0,0,1
622,5.538093107659861,0.6222671773457356,0,0.1,0.0,0,1
623,4.815087225956427,1.5929434367044017,0,0.1,0.0,0,1
624,0.047663071947447566,1.0759213511758394,0,0.1,0.0,0,1
625,2.4477208142905473,0.41274252067703054,0,0.1,0.0,0,1
626,2.9908918277714243,3.6338501943169303,1,0.08,1.5,2,1
627,2.5715025817584474,4.5604189681514065,1,0.08,1.0,1,1
628,3.0826356525262044,5.129425173896075,0,0.1,0.0,0,1
629,5.475203214799764,1.6667987342783521,0,0.1,0.0,0,1
630,3.4258731859955205,0.3398103965889423,0,0.1,0.0,0,1
631,1.5666359303117312,2.9350948429726946,0,0.1,0.0,0,1
632,2.781400752219068,0.12144803636293067,0,0.1,0.0,0,1
633,2.874494873668488,0.6352450247056318,0,0.1,0.0,0,1
634,3.2710749407376043,0.9731015954259767,0,0.1,0.0,0,1
635,1.090864176838254,4.606036031746454,0,0.1,0.0,0,1
636,4.727253268509666,1.0788328730969876,0,0.1,0.0,0,1
637,0.4742865241513421,2.7175004921380426,0,0.1,0.0,0,1
638,5.254272727971573,1.4429623472384137,0,0.1,0.0,0,1
639,1.157028894269722,2.7539349932935973,0,0.1,0.0,0,1
640,2.599694952758343,0.8983926085873217,0,0.1,0.0,0,1
641,4.977615017567071,5.014857614695973,1,0.08,1.0,1,1
642,2.082079198678283,4.925330800633573,0,0.1,0.0,0,1
643,0.1094346720097219,2.8304554466999097,0,0.1,0.0,0,1
644,0.43888586249718187,4.6067397190157715,0,0.1,0.0,0,1
645,5.6865411082024,2.0143359961595757,0,0.1,0.0,0,1
646,1.7490791899540974,4.819250194580483,0,0.1,0.0,0,1
647,4.904263750334024,5.205408020264413,1,0.08,1.0,1,1
648,5.6069238571409645,4.210424193338636,0,0.1,0.0,0,1
649,3.128536423262274,0.3225627872328407,0,0.1,0.0,0,1
650,3.0259570917048917,1.2982816894471156,0,0.1,0.0,0,1
651,2.0904850327481066,0.4227646794144364,0,0.1,0.0,0,1
652,5.736705894577488,4.578984673547616,0,0.1,0.0,0,1
653,2.791767493165686,0.501006105786661,0,0.1,0.0,0,1
654,4.200570785035842,3.6249841893764856,0,0.1,0.0,0,1
655,2.3237714176718676,2.23805811991277,0,0.1,0.0,0,1
656,5.041993199349198,5.880263567580919,1,0.08,1.0,1,0
657,2.3623289263946172,3.336521583600928,0,0.1,0.0,0,1
658,0.6194126986656461,2.5905626855241923,0,0.1,0.0,0,1
659,4.431984034659743,5.886881697169036,0,0.1,0.0,0,1
660,4.031711011854056,5.475238074856123,1,0.08,1.0,1,1
661,4.167310217934579,4.723365509713563,1,0.08,1.0,1,1
662,3.7242775997870736,5.115690108264905,1,0.08,1.0,1,1
663,3.2565526278064123,2.1771436777076554,0,0.1,0.0,0,1
664,3.694035250810334,3.9322712411116054,0,0.1,0.0,0,1
665,3.1656004621388565,5.546322945322081,0,0.1,0.0,0,1
666,0.8393650820667327,3.90491906818107,0,0.1,0.0,0,1
667,1.0607739071445634,5.684866957131368,0,0.1,0.0,0,1
668,0.6379934048404845,1.2369423963069601,0,0.1,0.0,0,1
669,3.872435172485803,0.8224241360676692,0,0.1,0.0,0,1
670,4.71309426929837,1.2403176883509273,0,0.1,0.0,0,1
671,4.283546078981547,5.807061924049425,1,0.08,1.0,1,1
672,3.384851854443357,1.3433284606367972,0,0.1,0.0,0,1
673,4.0469664098236455,5.678777005732672,1,0.08,1.0,1,1
674,0.31499998405147545,2.3975553246065364,0,0.1,0.0,0,1
675,4.810950118183721,1.0124811158839215,0,0.1,0.0,0,1
676,5.968886549048026,4.362934942733578,0,0.1,0.0,0,1
677,5.249110693467637,1.1978891431716017,0,0.1,0.0,0,1
678,5.940860402747438,1.1333858905802752,0,0.1,0.0,0,1
679,4.723804552324624,5.459290147698004,1,0.08,1.0,1,1
680,2.8296787076099883,5.402387916447905,1,0.08,1.0,1,0
681,4.285404326071985,2.620378256925825,0,0.1,0.0,0,1
682,0.39809663103322457,4.367954850586214,0,0.1,0.0,0,1
683,0.10471618561726559,5.567299233738044,1,0.08,1.0,1,0
684,5.406681601125613,2.904134687623568,0,0.1,0.0,0,1
685,3.190232692907636,4.168772660659658,1,0.08,1.5,2,1
686,3.5903470821666064,4.471403800692355,1,0.08,1.5,2,1
687,5.5880484561397985,0.3487940047939546,0,0.1,0.0,0,1
688,2.976051941695898,5.970200629924383,0,0.1,0.0,0,1
689,5.183751422367979,2.1284565466018392,0,0.1,0.0,0,1
690,3.335818032287483,4.004613457603355,1,0.08,1.5,2,1
691,4.656297768265295,2.6910993515972637,0,0.1,0.0,0,1
692,0.9784689591422053,2.9907176824642514,0,0.1,0.0,0,1
693,3.18705383356059,1.7727669768039969,0,0.1,0.0,0,1
694,5.9266815301912565,4.463420646053205,0,0.1,0.0,0,1
695,1.8371610871830495,0.5858410376720706,0,0.1,0.0,0,1
696,5.298038937263166,1.7692652745818913,0,0.1,0.0,0,1
697,5.617155079869057,2.747390230592838,0,0.1,0.0,0,1
698,3.815913166850727,0.17588204992129253,0,0.1,0.0,0,1
699,1.5640228707919945,4.621021128390783,1,0.08,1.0,1,0
700,4.822593090280778,1.5420613294699512,0,0.1,0.0,0,1
701,4.495150974517296,2.154819834875394,0,0.1,0.0,0,1
702,2.195988936335452,5.032718322060394,0,0.1,0.0,0,1
703,0.0573441253867335,5.9937017800735575,0,0.1,0.0,0,1
704,5.63591326369645,1.600943383879601,0,0.1,0.0,0,1
705,0.04043960816664671,5.802946958086635,0,0.1,0.0,0,1
706,3.760684676846064,3.0413482871269264,0,0.1,0.0,0,1
707,1.5261404820065914,0.538892344250345,0,0.1,0.0,0,1
708,1.7771837157147772,0.34868105006925165,0,0.1,0.0,0,1
709,2.178267630578489,0.3609532058639515,0,0.1,0.0,0,1
710,3.9261437401472747,1.9461099061218603,0,0.1,0.0,0,1
711,4.628714116190267,1.4621324321045948,0,0.1,0.0,0,1
712,3.138145229051811,1.8661728747131423,0,0.1,0.0,0,1
713,2.8932409570360846,3.0946018031605425,0,0.1,0.0,0,1
714,4.150339133770621,1.6547884136414257,0,0.1,0.0,0,1
715,2.7223879927759023,5.49509646199664,0,0.1,0.0,0,1
716,0.25814399918964126,4.654008372574148,0,0.1,0.0,0,1
717,1.888506931937448,2.1250615668063175,0,0.1,0.0,0,1
718,3.757101042532788,3.388279294333731,0,0.1,0.0,0,1
719,4.579005303421237,2.1368022730661016,0,0.1,0.0,0,1
720,3.1775094157492734,5.843088686907371,0,0.1,0.0,0,1
721,4.365087130149431,4.32673871319584,1,0.08,1.0,1,1
722,5.73698661897049,5.580910368827579,0,0.1,0.0,0,1
723,2.970065286413246,2.175636634699786,0,0.1,0.0,0,1
724,2.6486119209232006,4.063970335030067,1,0.08,1.0,1,1
725,3.116112719779726,2.910989157977082,0,0.1,0.0,0,1
726,5.785084864810646,1.441856537251297,0,0.1,0.0,0,1
727,0.2401489095933922,4.039623623260486,0,0.1,0.0,0,1
728,1.047416923582312,1.2456858103549537,0,0.1,0.0,0,1
729,3.485909521328907,2.5824480422548657,0,0.1,0.0,0,1
730,4.737359331279229,1.5854572177401105,0,0.1,0.0,0,1
731,5.4627055535842866,3.247453511563822,0,0.1,0.0,0,1
732,3.3071004201364023,0.21344454512899524,0,0.1,0.0,0,1
733,4.7826582896342025,1.997825148432096,0,0.1,0.0,0,1
734,2.5203519214209966,5.666870696752707,0,0.1,0.0,0,1
735,4.209304268067723,1.695119527650705,0,0.1,0.0,0,1
736,3.3042931022744746,2.035649358569172,0,0.1,0.0,0,1
737,1.0318984688402526,2.5592960132566054,0,0.1,0.0,0,1
738,3.472320970701492,2.593306337955724,0,0.1,0.0,0,1
739,0.7045147519663243,1.840216351824405,0,0.1,0.0,0,1
740,0.45734512222151347,3.6920999829348564,0,0.1,0.0,0,1
741,4.258252630777074,3.742874188902074,0,0.1,0.0,0,1
742,1.451175045804516,0.8315176974098346,0,0.1,0.0,0,1
743,4.029551641733635,2.66681516063425,0,0.1,0.0,0,1
744,1.8774107574320809,0.6241797932083779,0,0.1,0.0,0,1
745,3.566984710616305,4.431199260453423,1,0.08,1.5,2,1
746,1.4062174073070914,0.5598236649924633,0,0.1,0.0,0,1
747,2.648083546171834,3.2852774200648716,0,0.1,0.0,0,1
748,5.746622291911886,3.2109706510324694,0,0.1,0.0,0,1
749,0.17611374594759477,0.9121939510953276,0,0.1,0.0,0,1
750,3.3876786733514477,4.477623572127997,1,0.08,1.5,2,1
751,2.633014946289143,2.3489437762784866,0,0.1,0.0,0,1
752,2.3023641929501313,4.434406056979235,1,0.08,1.0,1,1
753,2.9914688572018155,3.836922992968649,1,0.08,1.5,2,1
754,4.22361340107922,4.282768884265918,1,0.08,1.0,1,1
755,5.6247749414009895,0.17021099466672163,0,0.1,0.0,0,1
756,5.857830790124866,4.34604657387689,0,0.1,0.0,0,1
757,3.0506485710901443,2.5801036124611745,0,0.1,0.0,0,1
758,3.884450864825755,3.2153407664062623,0,0.1,0.0,0,1
759,3.4269149501977676,4.036599182645315,1,0.08,1.5,2,1
760,0.161515186167573,3.1297075579266402,0,0.1,0.0,0,1
761,2.648223866719914,2.2476487005615606,0,0.1,0.0,0,1
762,3.2855089955987684,0.6948775435396888,0,0.1,0.0,0,1
763,2.393036662912504,5.087771300163841,0,0.1,0.0,0,1
764,2.3881380436665984,1.6989051411561789,0,0.1,0.0,0,1
765,0.21229904660711796,4.645029268444657,0,0.1,0.0,0,1
766,1.1181473420522365,4.120785129284698,0,0.1,0.0,0,1
767,2.1223558362608856,4.73327241276552,0,0.1,0.0,0,1
768,4.2801135099418115,2.4862138173239243,0,0.1,0.0,0,1
769,0.9617564356535611,0.5301285484859515,0,0.1,0.0,0,1
770,2.857179960883828,2.399773178784447,0,0.1,0.0,0,1
771,2.0806265008604714,1.0840773493504912,0,0.1,0.0,0,1
772,2.939141128962878,2.177492576739284,0,0.1,0.0,0,1
773,5.9266717443632615,5.705224482946187,0,0.1,0.0,0,1
774,4.7069502334639,1.7954126251500628,0,0.1,0.0,0,1
775,1.4600817921934386,3.306011028261333,0,0.1,0.0,0,1
776,3.8997765479625954,0.497685026079808,0,0.1,0.0,0,1
777,3.129279053137756,1.1387189101136068,0,0.1,0.0,0,1
778,4.432888124301167,3.9737461501565585,1,0.08,1.0,1,1
779,2.320690565581189,0.6787236867412456,0,0.1,0.0,0,1
780,3.3021047512152455,0.5295920836092014,0,0.1,0.0,0,1
781,3.919706443893333,2.2417667869770357,0,0.1,0.0,0,1
782,5.708113439147849,2.848784674227298,0,0.1,0.0,0,1
783,5.116660049507598,1.136339741630733,0,0.1,0.0,0,1
784,2.4265964573637113,3.666404753188648,0,0.1,0.0,0,1
785,3.07894393825916,2.8008961077327807,0,0.1,0.0,0,1
786,4.063031345399582,5.216811513297439,1,0.08,1.0,1,0
787,1.125636761413665,5.915910104120194,0,0.1,0.0,0,1
788,3.855886129486195,1.2557455917718827,0,0.1,0.0,0,1
789,4.92840097044954,1.9737286924432265,0,0.1,0.0,0,1
790,4.823884573871956,2.281899257579275,0,0.1,0.0,0,1
791,3.213124819403557,1.1194603835645505,0,0.1,0.0,0,1
792,2.209033378316133,1.7585690112888963,0,0.1,0.0,0,1
793,4.368297032206957,3.127742120035613,0,0.1,0.0,0,1
794,4.83197563096867,3.3517604934143588,0,0.1,0.0,0,1
795,2.7406992901556917,4.876024485290156,0,0.1,0.0,0,1
796,2.644226422456899,3.9904258162824306,1,0.08,1.0,1,1
797,5.467550963636748,1.0867624824564217,0,0.1,0.0,0,1
798,2.5758246300956964,2.897625896666204,0,0.1,0.0,0,1
799,1.595392616585473,0.7862558973026272,0,0.1,0.0,0,1
800,1.5523957103596493,1.6912929776129078,0,0.1,0.0,0,1
801,2.1768186107100362,0.3254576667781981,0,0.1,0.0,0,1
802,4.329273746859709,5.335456724187091,1,0.08,1.0,1,1
803,1.184389363787596,3.8170806169341422,0,0.1,0.0,0,1
804,0.7131616885940624,5.5103210089063,0,0.1,0.0,0,1
805,5.57188131016051,1.6493890195967256,0,0.1,0.0,0,1
806,1.4198293755248061,3.4419258868899956,0,0.1,0.0,0,1
807,1.843626500464718,1.1461881644479293,0,0.1,0.0,0,1
808,1.0613312067154148,1.0463092034327066,0,0.1,0.0,0,1
809,1.741237303758926,1.239528501446437,0,0.1,0.0,0,1
810,2.224769258464282,3.4499624399231217,0,0.1,0.0,0,1
811,2.184954193516798,5.857147419676757,0,0.1,0.0,0,1
812,4.910586044848082,4.088247459883215,0,0.1,0.0,0,1
813,2.7526760352544883,1.6610321217239417,0,0.1,0.0,0,1
814,4.392293056162438,1.6149150672623558,0,0.1,0.0,0,1
815,1.2895024591115876,5.931567143786973,0,0.1,0.0,0,1
816,3.838343840685702,5.338969723196948,0,0.1,0.0,0,1
817,5.38278297077153,4.035087778477109,0,0.1,0.0,0,1
818,0.5767605584158144,2.3188223793341614,0,0.1,0.0,0,1
819,5.315069814090069,5.875888325200958,0,0.1,0.0,0,1
820,1.2836380516437491,1.7066999485932097,0,0.1,0.0,0,1
821,3.0243882780469047,4.250598341869215,1,0.08,1.5,2,1
822,0.7299069887696672,0.7783675108223433,0,0.1,0.0,0,1
823,3.0913930599208728,5.301301834796009,0,0.1,0.0,0,1
824,2.8838518170930447,3.907616055902917,1,0.08,1.5,2,1
825,2.519486434486984,4.1793764341212825,1,0.08,1.0,1,0
826,3.7409293162956367,4.104604106742773,1,0.08,1.5,2,1
827,1.1476184372083869,1.3410268240560606,0,0.1,0.0,0,1
828,2.4461752715005916,0.5548444803699382,0,0.1,0.0,0,1
829,5.8147160775140145,3.1905597540744424,0,0.1,0.0,0,1
830,3.386243651226243,1.2405073023475446,0,0.1,0.0,0,1
831,1.9746079323721382,0.9494739267135015,0,0.1,0.0,0,1
832,1.2156439648944797,5.946716345767819,0,0.1,0.0,0,1
833,4.280671274249595,3.229850708315384,0,0.1,0.0,0,1
834,2.560482414635513,4.538099002997795,1,0.08,1.0,1,1
835,0.43327430320724325,3.451700655668464,0,0.1,0.0,0,1
836,4.27590773169565,1.6295623047962353,0,0.1,0.0,0,1
837,5.966858173627088,1.8597988451137297,0,0.1,0.0,0,1
838,4.244613264083487,3.047674806301938,0,0.1,0.0,0,1
839,2.7820774175811707,4.515636621230092,1,0.08,1.0,1,1
840,5.970854432625053,1.691735978894292,0,0.1,0.0,0,1
841,0.6056544413702505,3.992824526330498,0,0.1,0.0,0,1
842,4.036591370068938,1.2367194643289476,0,0.1,0.0,0,1
843,4.524145418690198,2.2469728732137906,0,0.1,0.0,0,1
844,0.9209544012762609,2.2314955568028765,0,0.1,0.0,0,1
845,5.720347983121615,0.37838961589939224,0,0.1,0.0,0,1
846,1.1946209409240711,4.421641217812995,0,0.1,0.0,0,1
847,2.1902466251241473,5.6047879957209705,0,0.1,0.0,0,1
848,3.3243528177757313,5.579052600517937,0,0.1,0.0,0,1
849,5.4888493430001555,5.86189757628596,0,0.1,0.0,0,1
850,2.445508166450969,1.3735493302970279,0,0.1,0.0,0,1
851,5.093568411506219,0.5833300712419296,0,0.1,0.0,0,1
852,3.995762265227321,5.305537179203753,1,0.08,1.0,1,1
853,4.0174402007659555,4.443003115479788,1,0.08,1.5,2,1
854,0.9342759085498329,4.1627223702964855,0,0.1,0.0,0,1
855,4.621145896396771,2.127531637871498,0,0.1,0.0,0,1
856,2.1453436564129102,5.37272329191581,0,0.1,0.0,0,1
857,1.7074749085104044,5.10961388614183,0,0.1,0.0,0,1
858,5.471773286587772,4.388327314699207,0,0.1,0.0,0,1
859,3.1559158939613328,2.1329748590524717,0,0.1,0.0,0,1
860,2.612407129148057,5.16994865938618,0,0.1,0.0,0,1
861,3.0991914288969786,0.6822025921191661,0,0.1,0.0,0,1
862,2.505157956251371,0.6050585485166342,0,0.1,0.0,0,1
863,4.375956639504274,2.595956722701389,0,0.1,0.0,0,1
864,2.8131424605008153,3.507871365490966,0,0.1,0.0,0,1
865,3.624507394613921,5.206377029689289,1,0.08,1.0,1,0
866,2.569341646068195,5.208075747319751,0,0.1,0.0,0,1
867,0.12968658491829155,0.9598783148469183,0,0.1,0.0,0,1
868,4.748126299770112,4.393848985724242,1,0.08,1.0,1,1
869,4.954033715759774,3.891900805819575,0,0.1,0.0,0,1
870,3.8936919710263163,3.4136736849034195,0,0.1,0.0,0,1
871,0.25424975086679225,1.2801034107338156,0,0.1,0.0,0,1
872,0.09307758788201492,2.781773444577052,0,0.1,0.0,0,1
873,0.5695819983249466,5.051222731561124,0,0.1,0.0,0,1
874,4.300523157725956,3.263285025755912,0,0.1,0.0,0,1
875,3.964327700483709,3.6424998787830614,0,0.1,0.0,0,1
876,2.0226276483746615,2.670652108360911,0,0.1,0.0,0,1
877,5.614811009295425,1.7430379335282538,0,0.1,0.0,0,1
878,4.585164868758364,3.466016780028613,0,0.1,0.0,0,1
879,0.25360578514139664,4.211011902204049,0,0.1,0.0,0,1
880,3.4493777292323338,5.127603322032601,0,0.1,0.0,0,1
881,0.6405741303406527,3.2154659354642448,0,0.1,0.0,0,1
882,4.59302135107963,4.974084409812246,1,0.08,1.0,1,0
883,0.37097889699652176,4.46887506006062,0,0.1,0.0,0,1
884,0.22781167437077565,5.080050471814356,0,0.1,0.0,0,1
885,4.180251751872724,5.176455399158776,1,0.08,1.0,1,1
886,1.2649024668787472,1.5119093874409013,0,0.1,0.0,0,1
887,4.902037218923132,4.058427809582438,0,0.1,0.0,0,1
888,5.379155175981325,3.1432983898314344,0,0.1,0.0,0,1
889,5.976345276645328,1.097976680743761,0,0.1,0.0,0,1
890,5.589676029476405,2.4214384876510886,0,0.1,0.0,0,1
891,0.6038021370869879,1.019181223162375,0,0.1,0.0,0,1
892,0.2143351710873902,4.816353797558907,0,0.1,0.0,0,1
893,5.684694503409661,5.56635695005709,0,0.1,0.0,0,1
894,1.7601825314609434,5.586107918222608,0,0.1,0.0,0,1
895,0.1987463462004888,0.12410645602869996,0,0.1,0.0,0,1
896,3.0576040627254697,2.985323080783336,0,0.1,0.0,0,1
897,0.9400516642775851,1.1248111872700557,0,0.1,0.0,0,1
898,4.225402640677785,4.453311740090096,1,0.08,1.5,2,1
899,4.132825937750395,1.4435657854139932,0,0.1,0.0,0,1
900,4.961808292648801,2.1509150203258613,0,0.1,0.0,0,1
901,5.913705487750418,3.8036228995343695,0,0.1,0.0,0,1
902,1.6149914075389913,5.4131727694456835,0,0.1,0.0,0,1
903,2.9438220079965722,2.048566642683026,0,0.1,0.0,0,1
904,2.437190742985136,4.319728179408994,1,0.08,1.0,1,1
905,5.1676210586538245,1.5077359315467291,0,0.1,0.0,0,1
906,4.849382407382436,3.396444323437958,0,0.1,0.0,0,1
907,5.417361123098443,0.8185828763910323,0,0.1,0.0,0,1
908,5.2770774840061305,3.228409035005848,0,0.1,0.0,0,1
909,2.4052899531005796,2.5608039291238818,0,0.1,0.0,0,1
910,4.531178570166,2.4933204053590723,0,0.1,0.0,0,1
911,0.9784818748513529,3.9987377031377664,0,0.1,0.0,0,1
912,0.2601709988845389,5.216455799062725,0,0.1,0.0,0,1
913,1.1297881110794195,1.6351920478889794,0,0.1,0.0,0,1
914,1.7160251530768376,5.007671904612239,0,0.1,0.0,0,1
915,4.803663657057529,4.208981558464623,1,0.08,1.0,1,0
916,2.403766900949176,5.956550947454069,0,0.1,0.0,0,1
917,1.4345955986748289,1.6523179581766063,1,0.08,1.0,1,0
918,0.006148259515870835,3.573234403268292,0,0.1,0.0,0,1
919,3.6470344013467186,2.2466009863353182,0,0.1,0.0,0,1
920,2.9840134773566716,1.0263136941993067,0,0.1,0.0,0,1
921,5.317347996326827,5.222408703993553,0,0.1,0.0,0,1
922,2.654141462188019,5.372556576506468,0,0.1,0.0,0,1
923,4.949412792965,0.9645387304886206,0,0.1,0.0,0,1
924,2.9228035615822323,5.776796910273998,0,0.1,0.0,0,1
925,5.2245215163762015,3.2233637507111794,0,0.1,0.0,0,1
926,1.5679192701576767,4.9832761599202335,0,0.1,0.0,0,1
927,4.030653609435374,4.898932390612587,1,0.08,1.0,1,1
928,2.1413007562645046,0.6646744868486885,0,0.1,0.0,0,1
929,3.0603420857895567,3.8540654672301224,1,0.08,1.5,2,1
930,5.3424412988559515,2.3465807377120087,0,0.1,0.0,0,1
931,4.301417803213512,4.250673072194264,1,0.08,1.0,1,1
932,5.621420691862901,3.908756711648312,0,0.1,0.0,0,1
933,2.155810100781907,2.151968462489992,0,0.1,0.0,0,1
934,0.9450836936841529,4.757940218412845,0,0.1,0.0,0,1
935,0.1854996421891959,2.182562529307412,0,0.1,0.0,0,1
936,5.197373763678952,5.707797138246059,0,0.1,0.0,0,1
937,4.89279317319923,1.6228668928218188,0,0.1,0.0,0,1
938,2.0728476691882176,2.449078566283519,0,0.1,0.0,0,1
939,3.571623889201454,3.1578062816944485,0,0.1,0.0,0,1
940,0.5176313735826241,5.158272916873823,0,0.1,0.0,0,1
941,0.7759261983646002,0.808971334555129,0,0.1,0.0,0,1
942,2.255874573070329,2.0513702453117357,0,0.1,0.0,0,1
943,4.30319937511368,1.3834250397125176,0,0.1,0.0,0,1
944,2.8776883989605158,5.601195181805589,0,0.1,0.0,0,1
945,5.42694858203926,3.539123593037247,0,0.1,0.0,0,1
946,3.86220670213409,0.5205745160934057,0,0.1,0.0,0,1
947,4.362287900106372,4.296543919322168,1,0.08,1.0,1,0
948,0.26232093627293174,5.926412859574496,0,0.1,0.0,0,1
949,3.2281392294931295,1.7794584765064783,0,0.1,0.0,0,1
950,1.1886419815206668,3.6911605157520295,0,0.1,0.0,0,1
951,2.5559799283621762,3.8335353264870484,1,0.08,1.0,1,1
952,1.916292596067168,2.1546074102120993,0,0.1,0.0,0,1
953,3.700626979960234,5.115279220785659,1,0.08,1.0,1,1
954,3.2358053614681044,2.6362916254004753,0,0.1,0.0,0,1
955,4.837480974972386,0.5117774879196764,0,0.1,0.0,0,1
956,3.009886075540952,5.416559954231986,0,0.1,0.0,0,1
957,2.446460179167657,4.7061049803008785,0,0.1,0.0,0,1
958,4.682333429444083,0.9468332993861082,0,0.1,0.0,0,1
959,2.336299712962429,4.656442985941101,0,0.1,0.0,0,1
960,5.531463494069409,5.602391391802986,0,0.1,0.0,0,1
961,2.271686660776863,5.877916808837133,0,0.1,0.0,0,1
962,5.326547339157101,3.86924757634587,0,0.1,0.0,0,1
963,1.3702111835660735,0.9090905544498011,0,0.1,0.0,0,1
964,0.33458224261605785,0.9407466611635653,0,0.1,0.0,0,1
965,0.786209491981195,2.917539321730713,0,0.1,0.0,0,1
966,0.3388766427928156,3.069715229148667,0,0.1,0.0,0,1
967,3.9578245104980643,4.169450489450903,1,0.08,1.5,2,1
968,2.9181729248960604,5.437929574165739,0,0.1,0.0,0,1
969,1.8201148493713193,0.4017109457526087,0,0.1,0.0,0,1
970,5.933829600968981,4.57858230429409,0,0.1,0.0,0,1
971,5.362718282622442,4.957335499055447,0,0.1,0.0,0,1
972,1.3452288516120265,4.717275808650767,0,0.1,0.0,0,1
973,3.762315425777345,1.4687187006799747,0,0.1,0.0,0,1
974,3.0746178408915696,2.922839276096169,0,0.1,0.0,0,1
975,1.398989815506875,4.457066992364938,0,0.1,0.0,0,1
976,5.57440853318777,5.8946795439944735,0,0.1,0.0,0,1
977,1.384999127151408,0.8616556370093367,0,0.1,0.0,0,1
978,2.438541544658432,4.724906013221743,0,0.1,0.0,0,1
979,3.8975350578020445,4.894967110606076,1,0.08,1.5,2,1
980,4.982830293679788,0.8193844468474605,0,0.1,0.0,0,1
981,5.604692942163561,0.036836479327987615,0,0.1,0.0,0,1
982,5.233311729021049,3.353453558546823,0,0.1,0.0,0,1
983,4.584004697956384,5.937526600173875,0,0.1,0.0,0,1
984,1.7578548923371,2.632848369328375,0,0.1,0.0,0,1
985,5.685662691982258,3.317369620237441,0,0.1,0.0,0,1
986,5.027903944728198,4.60702182445832,0,0.1,0.0,0,1
987,1.9129415919628763,3.5308025746323217,0,0.1,0.0,0,1
988,5.730561838745441,3.542985725206918,0,0.1,0.0,0,1
989,0.5675329458052241,3.9944483900979257,0,0.1,0.0,0,1
990,1.7906010333631237,3.6091837108313762,0,0.1,0.0,0,1
991,3.2027599514726433,1.639451782632396,0,0.1,0.0,0,1
992,1.9656976192988058,0.26692109267949093,0,0.1,0.0,0,1
993,3.3298562213684137,1.7979443775838682,0,0.1,0.0,0,1
994,2.6318358983930166,3.1516878563368405,0,0.1,0.0,0,1
995,4.327161396823735,0.5183802276278766,0,0.1,0.0,0,1
996,0.9496421949259319,3.963899236984063,0,0.1,0.0,0,1
997,3.676978231923821,3.8541382176192758,0,0.1,0.0,0,1
998,5.836225902907387,3.7837176028453703,0,0.1,0.0,0,1
999,2.465074540174782,0.2765049884891746,0,0.1,0.0,0,1
